data size,access
10,38.69322149544492
20,36.243699614423406
30,33.640807489830344
40,30.747282255272914
50,27.622050899311883
60,24.234599446546518
70,20.46887474463304
80,16.404213129613364
90,11.827016773682347
100,6.628936052712143
