data size,access
10,42.81885653519219
20,40.29147338314604
30,34.42819256690853
40,30.958542873177667
50,27.03941833373182
60,22.66601708064437
70,17.977293167041978
80,12.963442779241126
90,7.061646980675483
